date,category,company,ticker,topic,channel_summary,channel_url,official_material,official_url,verification_status,correction,reflected_indicator,action
2026-06-18,Telegram,Oracle,ORCL,Oracle RPO and OCI demand,루팡 Invest 또는 공개 채널에서 Oracle RPO/OCI 수요 코멘트 확인,https://t.me/s/bornlupin,Oracle earnings release / investor presentation / conference call transcript,,공식자료 확인 필요,채널 코멘트는 수요 신호로만 사용하고 RPO 수치는 Oracle 공식자료로 재확인,rpo; cloud_revenue; iaas_revenue,공식자료 링크와 수치 확인 후 manual_quarterly_indicators.csv 업데이트
2026-06-18,Telegram,Dell Technologies,DELL,Dell AI server orders and backlog,Dell AI 서버 주문/수주잔고 관련 채널 코멘트 확인,https://t.me/s/bornlupin,Dell earnings release / investor presentation / conference call transcript,,공식자료 확인 필요,AI 서버 매출과 backlog는 Dell 공식 실적자료/콜에서 확인한 값만 차트 반영,ai_orders; ai_backlog; ai_server_revenue,공식자료 확인 후 company_report_series.csv 업데이트
2026-06-18,Telegram,Hewlett Packard Enterprise,HPE,HPE AI systems backlog,HPE AI systems orders/backlog 관련 채널 코멘트 확인,https://t.me/s/bornlupin,HPE earnings release / investor presentation / conference call transcript,,공식자료 확인 필요,orders/backlog/proxy 구분을 note에 명시,ai_orders; ai_backlog; ai_revenue,공식자료 확인 후 manual_quarterly_indicators.csv 업데이트
2026-06-18,Telegram,Broadcom,AVGO,Broadcom AI semiconductor revenue,Broadcom AI 반도체 매출 관련 채널 코멘트 확인,https://t.me/s/bornlupin,Broadcom earnings release / prepared remarks / conference call transcript,,공식자료 확인 필요,AI semiconductor와 non-AI semiconductor를 분리해서 입력,ai_semiconductor_revenue; non_ai_semiconductor_revenue,공식자료 확인 후 manual_quarterly_indicators.csv 업데이트
2026-06-18,News,AI infrastructure,,AI memory and component shortage,AI 서버 부품 병목과 메모리 부족 관련 뉴스/기업 코멘트 확인,,Company commentary / earnings call transcript,,공식자료 확인 필요,뉴스는 방향성 신호로 사용하고 수치화는 기업 코멘트 확인 후 반영,memory_bottleneck_comment,관련 기업 콜에서 DRAM/NAND/HBM/eSSD 코멘트 확인
2026-06-19,Telegram:카이에 de market,AI infrastructure,,Anthropic data center lease and AI infrastructure demand,Anthropic 데이터센터 직접 임대·Google 보증·Broadcom/Apollo/Blackstone AI XPV 플랫폼 관련 공개 프리뷰 글 확인,https://t.me/s/cahier_de_market,Anthropic/Google/Broadcom official materials or conference call transcript,,공식자료 확인 필요,채널 글은 AI 인프라 수요 신호로만 사용하고 투자 규모·용량 수치는 공식자료 또는 원문 기사로 재확인,capex; data_center_capacity; broadcom_ai_infrastructure,공식자료/원문 기사 확인 후 source_watchlist correction 업데이트
2026-06-19,Telegram:카이에 de market,TSMC,TSM,TSMC CoPoS and advanced packaging,TSMC 차세대 CoPoS·유리코어 기판·NVIDIA Feynman 후보 관련 공개 프리뷰 글 확인,https://t.me/s/cahier_de_market,TSMC technology symposium / official roadmap / company commentary,,공식자료 확인 필요,CoPoS 양산 시점·기술 구조는 공식 로드맵/원문 코멘트 기준으로 검증,advanced_packaging; ai_accelerator_supply_chain,공식자료 확인 후 반도체 공급망 코멘트로 반영
2026-06-19,Telegram:카이에 de market,Memory,,SK Hynix and Samsung hedge fund positioning,SK하이닉스·삼성 주가 급등 이후 헤지펀드 포지션 제한 관련 공개 프리뷰 글 확인,https://t.me/s/cahier_de_market,Prime broker / market news / company fundamentals,,공식자료 확인 필요,수급성 뉴스는 메모리 펀더멘털 지표와 분리하고 주가 변동 코멘트로만 관리,memory_market_comment,수급 뉴스와 실적/가격 데이터 혼동 방지
2026-06-19,Telegram:루팡 Invest,NVIDIA,NVDA,NVIDIA / Memory,"SemiAnalysis- Doug O'Laughlin AI는 새로운 산업혁명에 가깝고, 철도망을 먼저 건설한 뒤 경제 전체가 그 위에 연결됐던 것처럼 장기간의 인프라 구축 사이클이 이어질 것이라고 전망합니다. GPU 공급 역시 늘고 있지만 수요가 더 빠르게 증가하고 있습니다. 특히 H100급 구형 GPU의 임대 가격까지 연초 대비 약 40~50% 올랐다는 점을 강력한 수요 신호로 봅니다. NVIDIA는 여전히 AI에서 가장...",https://t.me/bornlupin/18634,Earnings release / IR deck / 10-Q or 10-K / conference call transcript,,공식자료 확인 필요,채널 글은 수요 신호로만 사용하고 숫자는 공식자료로 재확인,memory_comment,공식자료 링크와 수치 확인 후 관련 CSV 업데이트
2026-06-18,Telegram:루팡 Invest,Oracle,ORCL,Oracle,"미국, AI 데이터 센터의 전력망 연결 가속화 조치 시행 미국 규제 당국이 데이터 센터의 전력망 연결 속도를 높이는 동시에, 미국인들의 불만을 사고 있는 공공요금 급등을 억제하기 위한 역대 가장 큰 조치를 단행했습니다. 연방 에너지 규제 위원회(FERC)는 목요일, AI 붐을 저해할 우려가 있었던 병목 현상을 제거하기 위해 국가 전력망과 관련된 일련의 명령을 승인했습니다. 이번 조치의 목표는 전력 신청을 90일 이내에 처리하...",https://t.me/bornlupin/18631,Earnings release / IR deck / 10-Q or 10-K / conference call transcript,,공식자료 확인 필요,채널 글은 수요 신호로만 사용하고 숫자는 공식자료로 재확인,company_comment,공식자료 링크와 수치 확인 후 관련 CSV 업데이트
2026-06-18,Telegram:루팡 Invest,Broadcom,AVGO,Broadcom / NVIDIA / TSMC,"""300만원 간다, 초호황 진입"" 삼성전기, MLCC·기판 과소평가 KB증권은 19일 삼성전기(009150)에 대해 “적층세라믹콘덴서(MLCC)와 패키징 기판의 초호황 국면 진입이 예상된다”며, 투자의견 ‘매수’를 유지하고 목표주가를 기존 대비 36% 상향한 300만원으로 제시했다. IT 부품 업종 내 최선호주 의견도 유지했다. 김연수 KB증권 연구원은 이날 보고서에서 “시장이 MLCC와 패키징 기판 업황 개선을 여전히 과소...",https://t.me/bornlupin/18630,Earnings release / IR deck / 10-Q or 10-K / conference call transcript,,공식자료 확인 필요,채널 글은 수요 신호로만 사용하고 숫자는 공식자료로 재확인,company_comment,공식자료 링크와 수치 확인 후 관련 CSV 업데이트
2026-06-18,Telegram:루팡 Invest,Dell Technologies,DELL,Dell Technologies / Memory,"스티펠(Stifel), 마이크론 테크놀로지( $MU), 투자의견을 '매수(Buy)'로 유지하면서 목표 주가를 550달러에서 1,500달러로 상향 ""당사는 실적 추정치를 컨센서스 대비 대폭 상향 조정하고 있으며, 목표 주가(PT) 역시 1,500달러로 올립니다. 회계연도 3분기(5월)의 변화는 AI 주도 수요가 또 한 번 크게 상승했음을 반영합니다. 당사는 이제 마이크론의 초기 전망치보다 약 2배 더 높은 DRAM ASP/Gb...",https://t.me/bornlupin/18629,Earnings release / IR deck / 10-Q or 10-K / conference call transcript,,공식자료 확인 필요,채널 글은 수요 신호로만 사용하고 숫자는 공식자료로 재확인,revenue; memory_comment,공식자료 링크와 수치 확인 후 관련 CSV 업데이트
2026-06-18,Telegram:루팡 Invest,Dell Technologies,DELL,Dell Technologies / Memory / AI infrastructure,"Besi (BE Semiconductor Industries N.V.), 2026년 인베스터 데이(Investor Day)에서 장기 재무 목표 상향 조정 반도체 산업용 조립 장비 선도 제조업체인 베시(Besi)는 오늘 네덜란드 암스테르담에서 2026년 인베스터 데이를 개최합니다. 당사는 이 자리에서 시장 동향을 논의하고, 비즈니스 및 제품 전략을 검토하며, 장기 재무 목표 모델에 대한 업데이트를 발표할 예정입니다. 베시의 사...",https://t.me/bornlupin/18627,Earnings release / IR deck / 10-Q or 10-K / conference call transcript,,공식자료 확인 필요,채널 글은 수요 신호로만 사용하고 숫자는 공식자료로 재확인,revenue; memory_comment,공식자료 링크와 수치 확인 후 관련 CSV 업데이트
2026-06-18,Telegram:루팡 Invest,NVIDIA,NVDA,NVIDIA / TSMC / Memory,"[단독] 최태원, 이달말 머스크 美 전격 회동… 스페이스X 겨냥 '풀스택 동맹' 승부수 테슬라 자체 칩 'AI5' 맞춤형 HBM 타진 관측… 차세대 메모리 영토 확장 HBM4 베이스 다이 협력 셈법… 반도체 넘어 ESS·전력망 AI 인프라 연계 최태원 SK그룹 회장이 이달 말 일론 머스크 테슬라 최고경영자(CEO)와 만남을 가진다. 일론 머스크가 이끄는 테슬라와 스페이스X 그리고 xAI 등 전사적 협력 관계를 전방위로 다지기...",https://t.me/bornlupin/18626,Earnings release / IR deck / 10-Q or 10-K / conference call transcript,,공식자료 확인 필요,채널 글은 수요 신호로만 사용하고 숫자는 공식자료로 재확인,memory_comment,공식자료 링크와 수치 확인 후 관련 CSV 업데이트
2026-06-18,Telegram:루팡 Invest,NVIDIA,NVDA,NVIDIA,"인텔의 전환, CPU를 넘어 AI 및 파운드리 사업 강화 인텔(Intel)의 CEO는 최근 자신의 개혁 청사진을 처음으로 상세히 밝혔습니다. 그는 인텔 파운드리(Intel Foundry Services; IFS) 사업을 지속적으로 추진함과 동시에, 전 세계 최고의 GPU 아키텍처 전문가들을 적극적으로 영입하고 있습니다. 또한, 에이전트 AI(Agentic AI) 시대를 겨냥하여 몇몇 거물급 CPU 아키텍처 인재를 추가로 채용...",https://t.me/bornlupin/18625,Earnings release / IR deck / 10-Q or 10-K / conference call transcript,,공식자료 확인 필요,채널 글은 수요 신호로만 사용하고 숫자는 공식자료로 재확인,company_comment,공식자료 링크와 수치 확인 후 관련 CSV 업데이트
2026-06-18,Telegram:루팡 Invest,NVIDIA,NVDA,NVIDIA,"도널드 J. 트럼프 세계가 의존하는 기술은 미국에서 발명되었습니다. 우리 모두 ""인텔 인사이드(Intel Inside)""를 기억할 것입니다. 어리석은 대통령들이 우리의 경제를 당연하게 여겼고, 대만과 다른 나라들이 우리의 반도체 공장을 가로채도록 내버려 두었습니다. 그들은 관세(TARIFFS)로 우리 산업을 보호하는 것을 잊었습니다. 제가 두 번째 임기(사실은 세 번째입니다!)에서 승리했을 때, 미국은 반도체 산업을 미국으로...",https://t.me/bornlupin/18622,Earnings release / IR deck / 10-Q or 10-K / conference call transcript,,공식자료 확인 필요,채널 글은 수요 신호로만 사용하고 숫자는 공식자료로 재확인,company_comment,공식자료 링크와 수치 확인 후 관련 CSV 업데이트
2026-06-18,Telegram:루팡 Invest,Memory,,Memory / AI infrastructure,"키옥시아의 신중한 투자 전략: 과잉 공급 방지와 과거의 교훈 키옥시아는 최근 시가총액 50조 엔을 돌파하며 시장의 주목을 받고 있으나, 향후 설비 투자(Capex)에 대해서는 과거 대비 신중한 태도를 유지하고 있습니다. 투자 계획: 2026~2028 회계연도 동안 연평균 4,700억 엔을 투자할 계획입니다. 이는 2025년 대비 66% 증가한 규모이나, 과거 최고치였던 2023 회계연도(5,104억 엔)와 비교하면 약 10%...",https://t.me/bornlupin/18621,Earnings release / IR deck / 10-Q or 10-K / conference call transcript,,공식자료 확인 필요,채널 글은 수요 신호로만 사용하고 숫자는 공식자료로 재확인,capex; revenue; memory_comment,공식자료 링크와 수치 확인 후 관련 CSV 업데이트
2026-06-17,Telegram:루팡 Invest,Memory,,Memory,"SK하이닉스 SK하이닉스가 12단 HBM4E 샘플을 출하했습니다. 핀당 최대 16Gbps의 속도를 구현하며, 20% 이상 향상된 전력 효율성과 고성능 AI 워크로드를 위한 강화된 열 성능을 제공합니다.",https://t.me/bornlupin/18620,Earnings release / IR deck / 10-Q or 10-K / conference call transcript,,공식자료 확인 필요,채널 글은 수요 신호로만 사용하고 숫자는 공식자료로 재확인,memory_comment,공식자료 링크와 수치 확인 후 관련 CSV 업데이트
2026-06-17,Telegram:루팡 Invest,NVIDIA,NVDA,NVIDIA / TSMC / Memory,"SK하이닉스, 차세대 AI 메모리 HBM4E 12단 샘플 공급…“AI 혁신 주도” HBM4보다 성능·전력효율 개선…열 저항 17% 낮춰 핀당 16Gbps 구현…AI 학습·추론용 메모리 경쟁력 강화 AI 데이터센터 겨냥…HBM 주도권 굳히기 주요 고객사 공급 돌입…HBM4E 양산 채비 본격화 SK하이닉스가 차세대 AI 메모리인 7세대 고대역폭메모리(HBM4E) 12단 제품 샘플을 주요 고객사에 공급하며 차세대 고대역폭 메모리...",https://t.me/bornlupin/18619,Earnings release / IR deck / 10-Q or 10-K / conference call transcript,,공식자료 확인 필요,채널 글은 수요 신호로만 사용하고 숫자는 공식자료로 재확인,memory_comment,공식자료 링크와 수치 확인 후 관련 CSV 업데이트
2026-06-17,Telegram:루팡 Invest,Memory,,Memory,"[속보]SK하이닉스, 차세대 AI 메모리 'HBM4E' 12단 샘플 고객사에 공급 SK하이닉스는 차세대 인공지능(AI)용 초고성능 D램 신제품인 '고대역폭메모리(HBM)4E' 12단 샘플을 주요 고객사들에 공급했다고 18일 밝혔다 https://m.ls-sec.co.kr/invest/news/view/202606180838343033325189?id=news",https://t.me/bornlupin/18618,Earnings release / IR deck / 10-Q or 10-K / conference call transcript,,공식자료 확인 필요,채널 글은 수요 신호로만 사용하고 숫자는 공식자료로 재확인,memory_comment,공식자료 링크와 수치 확인 후 관련 CSV 업데이트
2026-06-17,Telegram:루팡 Invest,Memory,,Memory,"마이크론 주도, 메모리 업계 동반 상승세 메모리 산업이 구조적인 변화를 맞이하며 전반적인 호황을 누리고 있습니다. HBM(고대역폭 메모리) 수요 폭발, DRAM의 장기적인 공급 부족, 그리고 예상치를 상회하는 NAND 시장의 회복세로 인해 공급 불균형이 단기간에 해소되기 어려운 상황이며, 이에 따라 관련 업계의 기업 가치 평가(밸류에이션)가 더욱 상향 조정될 것으로 전망됩니다. 마이크론의 강세와 HBM 시장 전망: 업계 선두...",https://t.me/bornlupin/18617,Earnings release / IR deck / 10-Q or 10-K / conference call transcript,,공식자료 확인 필요,채널 글은 수요 신호로만 사용하고 숫자는 공식자료로 재확인,memory_comment,공식자료 링크와 수치 확인 후 관련 CSV 업데이트
2026-06-17,Telegram:루팡 Invest,Memory,,Memory,"대만 메모리 IC 업체 2Q26 매출 전년 대비 2.4배 성장 전망, AI 업그레이드 흐름 탑승 메모리 가격이 지속적으로 상승함에 따라 2026년 전체 메모리 공급망 내 IC 설계 업체들의 실적이 눈에 띄게 개선되고 있습니다. 글로벌 주요 메모리 제조사들이 사업 중심과 자원을 이전하며 소비재 및 엣지 단말기 애플리케이션 사업에서 점차 물러남에 따라, 전체 공급망은 운영 성장을 달성하는 동시에 AI 관련 고부가가치 애플리케이션...",https://t.me/bornlupin/18616,Earnings release / IR deck / 10-Q or 10-K / conference call transcript,,공식자료 확인 필요,채널 글은 수요 신호로만 사용하고 숫자는 공식자료로 재확인,revenue; memory_comment,공식자료 링크와 수치 확인 후 관련 CSV 업데이트
2026-06-17,Telegram:루팡 Invest,Broadcom,AVGO,Broadcom / NVIDIA,"AI 가속기 시장 성장에 따른 2026년 하반기 MLCC 수급 불균형 전망 현재 글로벌 클라우드 서비스 제공업체(CSP)들의 자체 ASIC(주문형 반도체) 개발 경쟁이 치열해지면서, 고사양 MLCC에 대한 수요가 특정 규격으로 빠르게 집중되고 있습니다. 이에 따라 2026년 하반기에는 구조적인 공급 부족 사태가 발생할 가능성이 매우 높은 상황입니다. 1. 기술적 변화와 수요 폭증 차세대 AI 가속기 플랫폼의 설계가 최종 검증...",https://t.me/bornlupin/18615,Earnings release / IR deck / 10-Q or 10-K / conference call transcript,,공식자료 확인 필요,채널 글은 수요 신호로만 사용하고 숫자는 공식자료로 재확인,company_comment,공식자료 링크와 수치 확인 후 관련 CSV 업데이트
2026-06-17,Telegram:루팡 Invest,Dell Technologies,DELL,Dell Technologies / Memory / AI infrastructure,"팀 쿡 ""메모리칩 가격 폭등에 제품값 인상 불가피""…아이폰도 오르나 팀 쿡 ""고객 부담 막으려 했지만 더는 지속 불가능"" AI 데이터센터 투자 경쟁에 D램·낸드 가격 1년 새 4배 급등 아이폰18·맥·아이패드 가격 인상 가능성 주목 ""40년 공급망 경험 중 이런 상황 처음…100년에 한 번 올 위기"" 팀 쿡 애플 최고경영자(CEO)가 인공지능(AI) 산업 확산에 따른 메모리 반도체 공급 부족과 가격 급등을 이유로 자사 제품...",https://t.me/bornlupin/18613,Earnings release / IR deck / 10-Q or 10-K / conference call transcript,,공식자료 확인 필요,채널 글은 수요 신호로만 사용하고 숫자는 공식자료로 재확인,memory_comment,공식자료 링크와 수치 확인 후 관련 CSV 업데이트
2026-06-17,Telegram:루팡 Invest,Memory,,Memory,"팀 쿡 CEO, ""메모리 칩 부족으로 애플 제품 가격 인상할 것"" ​애플의 팀 쿡 최고경영자(CEO)는 월스트리트저널(WSJ)과의 단독 인터뷰에서 메모리 및 저장장치용 칩의 비용 급등을 상쇄하기 위해 자사 제품의 가격을 인상할 계획이라고 밝혔습니다. ​그는 ""안타깝게도 가격 인상은 불가피합니다""라고 말했습니다. 이어 ""우리는 우리에게 전가된 엄청난 비용 상승분을 상쇄하기 위해 최선을 다하고 있으며, 그동안 고객들을 가격 인상...",https://t.me/bornlupin/18612,Earnings release / IR deck / 10-Q or 10-K / conference call transcript,,공식자료 확인 필요,채널 글은 수요 신호로만 사용하고 숫자는 공식자료로 재확인,memory_comment,공식자료 링크와 수치 확인 후 관련 CSV 업데이트
2026-06-17,Telegram:루팡 Invest,NVIDIA,NVDA,NVIDIA / Memory / AI infrastructure,"메리츠 증권 김선우 애널리스트 - 메모리 사이클은 이제 허벅지 단계 1. AI는 일시적 업황 회복이 아닌 '구조적 대전환' 지금의 AI 투자 사이클은 단순한 IT 기기의 교체 주기가 아닙니다. 지난 30년의 PC 시대와 15년의 스마트폰 시대가 압축되어, 7년이라는 짧은 기간 내에 폭발적인 B2B AI 서버 투자로 전환되고 있는 중입니다. 현재 메모리 사이클의 위치: 이를 '허벅지' 단계로 정의합니다. 아직 어깨나 정수리(피...",https://t.me/bornlupin/18611,Earnings release / IR deck / 10-Q or 10-K / conference call transcript,,공식자료 확인 필요,채널 글은 수요 신호로만 사용하고 숫자는 공식자료로 재확인,capex; memory_comment,공식자료 링크와 수치 확인 후 관련 CSV 업데이트
2026-06-17,Telegram:루팡 Invest,NVIDIA,NVDA,NVIDIA / AI infrastructure,"번스타인(Bernstein), ARM ( $ARM), 투자의견 outperform을 유지, 목표주가를 300달러에서 500달러로 상향 시장 전망 및 핵심 변화 TAM 상향 조정: 애널리스트 데이비드 다이(David Dai)는 서버용 CPU의 총 주소 가능한 시장(TAM) 추정치를 기존 1,370억 달러에서 2,230억 달러로 상향 조정했습니다. 그는 이전 전망치였던 1,370억 달러를 이제는 '비관적 시나리오(bear cas...",https://t.me/bornlupin/18610,Earnings release / IR deck / 10-Q or 10-K / conference call transcript,,공식자료 확인 필요,채널 글은 수요 신호로만 사용하고 숫자는 공식자료로 재확인,capex; revenue,공식자료 링크와 수치 확인 후 관련 CSV 업데이트
2026-06-17,Telegram:루팡 Invest,Dell Technologies,DELL,Dell Technologies,"번스타인(Bernstein)은 AMD ( $AMD) 투자의견 'Outperform'를 유지, 목표 주가를 525달러에서 600달러로 상향 번스타인은 AMD가 더 강력한 서버 수요로부터 수혜를 입을 것으로 전망하고 있습니다. 또한, 번스타인의 기존 AMD 모델은 이미 강력한 서버 CPU 환경을 반영하고 있었으며, 이번 조정으로 추정치가 소폭 상향되었습니다.",https://t.me/bornlupin/18609,Earnings release / IR deck / 10-Q or 10-K / conference call transcript,,공식자료 확인 필요,채널 글은 수요 신호로만 사용하고 숫자는 공식자료로 재확인,company_comment,공식자료 링크와 수치 확인 후 관련 CSV 업데이트
2026-06-17,Telegram:루팡 Invest,Memory,,Memory,"씨티(Citi), 마이크론( $MU) 목표 주가를 840달러에서 1,200달러로 상향 , 투자의견 '매수(Buy)'를 유지 씨티는 2026년 메모리 가격이 예상보다 좋을 것으로 전망됨에 따라 마이크론의 2026 회계연도 및 2027 회계연도 실적 추정치를 상향 조정했습니다. 또한, 씨티는 마이크론의 '높은' 매출총이익률과 최근 공급 부족으로 인해 베라 루빈(Vera Rubin) 아키텍처에서 DRAM 사양 조정(de-speci...",https://t.me/bornlupin/18608,Earnings release / IR deck / 10-Q or 10-K / conference call transcript,,공식자료 확인 필요,채널 글은 수요 신호로만 사용하고 숫자는 공식자료로 재확인,revenue; memory_comment,공식자료 링크와 수치 확인 후 관련 CSV 업데이트
2026-06-17,Telegram:루팡 Invest,Dell Technologies,DELL,Dell Technologies / NVIDIA / AI infrastructure,"Perplexity CEO 아라빈드 스리니바스 인터뷰 중 네오클라우드 관련 Nebius나 CoreWeave 같은 회사들이 앞으로 지속 가능한 수천억 달러 규모의 회사가 될 수 있다고 보나요? 아니면 단기적인 공급 부족 문제를 해결하는 회사에 그칠까요? 아라빈드: 저는 분명히 그들이 지속 가능한 회사가 될 수 있다고 봅니다. 물론 그중에서 정확히 어떤 회사가 승자가 될지는 모르겠습니다. 그리고 Crusoe, Firebird 같...",https://t.me/bornlupin/18606,Earnings release / IR deck / 10-Q or 10-K / conference call transcript,,공식자료 확인 필요,채널 글은 수요 신호로만 사용하고 숫자는 공식자료로 재확인,company_comment,공식자료 링크와 수치 확인 후 관련 CSV 업데이트
2026-06-17,Telegram:루팡 Invest,Dell Technologies,DELL,Dell Technologies / NVIDIA / Memory,"Perplexity CEO 아라빈드 스리니바스 인터뷰 중 Micron이 6~12개월 안에 Meta보다 더 가치 있을 수 있다 제 요점으로 돌아가면, HBM 공급사인 Micron이 향후 6개월에서 12개월 안에 Meta보다 더 가치 있어지는 것이 불가능한 일은 아닐 수 있습니다. Micron은 이미 약 1조(달러) 수준이고, Meta는 약 1.3~1.4조입니다. 진행자: 그걸 좀 이해할 수 있게 설명해 주시겠어요? 메모리는 이...",https://t.me/bornlupin/18605,Earnings release / IR deck / 10-Q or 10-K / conference call transcript,,공식자료 확인 필요,채널 글은 수요 신호로만 사용하고 숫자는 공식자료로 재확인,revenue; memory_comment,공식자료 링크와 수치 확인 후 관련 CSV 업데이트
2026-06-17,Telegram:루팡 Invest,Dell Technologies,DELL,Dell Technologies / Memory,"도이치뱅크, 마이크론 (Micron, $MU), 투자의견 매수 유지, 목표주가를 1,000달러에서 1,500달러로 상향 마이크론이 DRAM과 NAND 전반에 걸친 가격 상승과 비트 출하량 증가에 힘입어 가이던스 상단을 웃도는 실적을 발표할 것으로 전망 당사는 강화되는 산업 수요 역학 및 지난달 MU(마이크론)의 실적 발표 전 예고(pos-pre announcement) 내용을 반영하여, MU의 5월 분기 보고서에 대한 당사의...",https://t.me/bornlupin/18603,Earnings release / IR deck / 10-Q or 10-K / conference call transcript,,공식자료 확인 필요,채널 글은 수요 신호로만 사용하고 숫자는 공식자료로 재확인,capex; revenue; memory_comment,공식자료 링크와 수치 확인 후 관련 CSV 업데이트
2026-06-16,Telegram:루팡 Invest,NVIDIA,NVDA,NVIDIA,"클라우드 제공업체 중 한 곳이 기존 계약이 만료되어 올해 말 갱신될 때 B200 가격($/GPU 시간당)이 두 배로 오를 것이라고 통보했다고 합니다. ""지금 당장 천 대의 GPU를 원한다고 말하면, 사람들이 말하는 시기는 내년 2분기입니다. 즉, 12개월에서 15개월 정도 걸린다는 뜻이죠. 우리는 이 클라우드 중 한 곳에 B200 클러스터를 보유하고 있습니다. 현재 우리의 단위 가격은 시간당 2.63달러인데, 10월에 계약...",https://t.me/bornlupin/18602,Earnings release / IR deck / 10-Q or 10-K / conference call transcript,,공식자료 확인 필요,채널 글은 수요 신호로만 사용하고 숫자는 공식자료로 재확인,company_comment,공식자료 링크와 수치 확인 후 관련 CSV 업데이트
2026-06-16,Telegram:루팡 Invest,AI infrastructure,,AI infrastructure,"Cantor Fitzgerald, 코어위브(CoreWeave, $CRWV), '비중 확대(Overweight)' 투자의견, 목표 주가 167달러 ""코어위브(CRWV)는 자사 채권 발행 안내서(OM)를 통해 주식 투자자들이 그동안 대체로 간과해 왔다고 판단되는 보충 세부 정보를 공개했습니다. 구체적으로, 코어위브는 안내서 작성일 기준으로 체결된 계약을 바탕으로 한 연환산(run-rate) EBITDA를 공개했습니다. 이 수치를...",https://t.me/bornlupin/18600,Earnings release / IR deck / 10-Q or 10-K / conference call transcript,,공식자료 확인 필요,채널 글은 수요 신호로만 사용하고 숫자는 공식자료로 재확인,rpo/backlog; revenue,공식자료 링크와 수치 확인 후 관련 CSV 업데이트
2026-06-16,Telegram:루팡 Invest,Memory,,Memory,"트렌드포스(TrendForce): NOR 플래시 및 SLC NAND 상반기 가격 2배 급등, 하반기에도 상승세 지속 트렌드포스(TrendForce)의 최신 연구 보고서에 따르면, HBM 및 고단수 3D NAND의 생산 확대가 성숙 공정(Mature process) 생산 능력을 밀어내면서, NOR 플래시와 SLC NAND의 공급이 지속적으로 타이트해졌습니다. 이는 2026년 상반기 계약 가격의 대폭적인 상승을 견인했습니다. 상...",https://t.me/bornlupin/18597,Earnings release / IR deck / 10-Q or 10-K / conference call transcript,,공식자료 확인 필요,채널 글은 수요 신호로만 사용하고 숫자는 공식자료로 재확인,memory_comment,공식자료 링크와 수치 확인 후 관련 CSV 업데이트
2026-06-16,Telegram:루팡 Invest,NVIDIA,NVDA,NVIDIA / TSMC / Memory,"[단독] 최태원의 '빅픽처'…SK하닉, 100조 역대급 주주환원 자사주 매입·배당…신주발행 따른 주주 불만 불식 몸값 재평가 '자신감'…목표주가 500만원도 등장 SK하이닉스가 올해 4분기 중 최대 100조원 규모의 초대형 주주환원 정책을 추진한다. 글로벌 자본시장에서 기업가치를 재평가받는 동시에 대규모 주주환원 정책으로 기업 위상을 한단계 끌어올리기 위한 최태원 SK그룹 회장의 승부수라는 해석이 나온다. 16일 투자은행(I...",https://t.me/bornlupin/18596,Earnings release / IR deck / 10-Q or 10-K / conference call transcript,,공식자료 확인 필요,채널 글은 수요 신호로만 사용하고 숫자는 공식자료로 재확인,memory_comment,공식자료 링크와 수치 확인 후 관련 CSV 업데이트
2026-06-16,Telegram:루팡 Invest,Memory,,Memory,"상반기 계약가 상승률 모두 100% 돌파, 2026년 하반기 구조적 공급 부족으로 NOR Flash 및 SLC NAND 가격 지속 상승 전망 TrendForce의 최신 메모리 산업 연구에 따르면, 주요 메모리 제조사들의 생산 능력(CAPA) 계획이 HBM(고대역폭 메모리) 및 고단수 3D NAND와 같은 고부가가치 제품에 계속 집중됨에 따라, NOR Flash와 SLC NAND가 의존하는 성숙 공정의 생산 여력이 잠식되고 있...",https://t.me/bornlupin/18594,Earnings release / IR deck / 10-Q or 10-K / conference call transcript,,공식자료 확인 필요,채널 글은 수요 신호로만 사용하고 숫자는 공식자료로 재확인,memory_comment,공식자료 링크와 수치 확인 후 관련 CSV 업데이트
2026-06-16,Telegram:루팡 Invest,Dell Technologies,DELL,Dell Technologies / Broadcom / NVIDIA,"광 인터커넥트 시장, AMD의 CW 레이저 확보 경쟁과 전망 최근 AI 인프라의 핵심인 광 인터커넥트(Optical Interconnect) 시장을 두고 상위 공급망 확보를 위한 경쟁이 치열해지고 있습니다. 특히 AMD는 엔비디아 생태계로부터의 독립을 위해 핵심 부품인 연속파(CW) 레이저 조달에 속도를 내고 있습니다. 1. AMD의 전략적 행보와 배경 공급망 다변화: AMD는 엔비디아 생태계에 대한 의존도를 낮추기 위해 고...",https://t.me/bornlupin/18591,Earnings release / IR deck / 10-Q or 10-K / conference call transcript,,공식자료 확인 필요,채널 글은 수요 신호로만 사용하고 숫자는 공식자료로 재확인,company_comment,공식자료 링크와 수치 확인 후 관련 CSV 업데이트
2026-06-16,Telegram:루팡 Invest,Memory,,Memory,"Aletheia Capital SK하이닉스 목표주가 530만원으로 상향 ""메모리는 이제 충분한가?"" 목표주가를 530만원으로 상향한다. 이는 CY27E FCF의 10배에 순현금을 더한 값(P/E 10배에 해당)을 근거로 하며, 밸류에이션 프레임워크를 과거 PBR 정점(KRW2.5백만) 기준에서 전환한 것이다. ** 어제 마이크론 보고서와 내용은 동일",https://t.me/bornlupin/18583,Earnings release / IR deck / 10-Q or 10-K / conference call transcript,,공식자료 확인 필요,채널 글은 수요 신호로만 사용하고 숫자는 공식자료로 재확인,memory_comment,공식자료 링크와 수치 확인 후 관련 CSV 업데이트
2026-06-16,Telegram:루팡 Invest,NVIDIA,NVDA,NVIDIA / Memory / AI infrastructure,"[단독] SK, 美서 AI 데이터센터 구축 검토…하이닉스 앞세워 인프라 확장 추진 SK그룹이 일본에 이어 미국에서도 인공지능(AI) 데이터센터를 직접 구축하는 방안을 검토하고 있는 것으로 알려졌다. 아마존웹서비스(AWS)와 울산에서 대형 AI 데이터센터(AIDC)를 추진하고 있지만 자체 설계·운영 경험 확보가 쉽지 않다는 판단 때문으로 풀이된다. 16일 업계에 따르면 SK는 지난달 미국 캘리포니아 지역 부지를 매입해 AI 데...",https://t.me/bornlupin/18581,Earnings release / IR deck / 10-Q or 10-K / conference call transcript,,공식자료 확인 필요,채널 글은 수요 신호로만 사용하고 숫자는 공식자료로 재확인,memory_comment,공식자료 링크와 수치 확인 후 관련 CSV 업데이트
2026-06-16,Telegram:루팡 Invest,TSMC,TSM,TSMC,"[메리츠증권 IT 소재장비 김동관] 안녕하세요. 메리츠증권 IT 소재장비 김동관 연구원입니다. 전일 진행된 네패스/네패스아크 Fab tour 후기를 공유드립니다. 두 업체 모두 기존의 모바일 반도체 중심 제품 mix를 점차 AI/차량용 등 고부가 영역으로 확대할 계획을 밝혔습니다. 2026-30년 5개년 매출액 CAGR 목표치에 대해 네패스 +30%, 네패스아크 +39%를 제시하며 고성장 전망을 강조했습니다. 네패스는 CPB...",https://t.me/bornlupin/18576,Earnings release / IR deck / 10-Q or 10-K / conference call transcript,,공식자료 확인 필요,채널 글은 수요 신호로만 사용하고 숫자는 공식자료로 재확인,revenue,공식자료 링크와 수치 확인 후 관련 CSV 업데이트
2026-06-16,Telegram:루팡 Invest,Broadcom,AVGO,Broadcom / TSMC / Memory,"삼성전기, 실리콘 커패시터 시장 확대 및 통합 솔루션 전략 추진 삼성전기가 실리콘 커패시터 시장에서 연평균 18% 이상의 고성장을 전망하며, 자사의 핵심 사업인 MLCC 및 FC-BGA와 결합한 통합 솔루션으로 시장 공략을 가속화하고 있습니다. 실리콘 커패시터란? 실리콘 웨이퍼를 소재로 제작되는 수동 부품으로, 전하를 저장하여 전압을 안정시키는 역할을 합니다. 기존 MLCC와 달리 실리콘 웨이퍼 내부에 전극을 형성하는 방식이...",https://t.me/bornlupin/18575,Earnings release / IR deck / 10-Q or 10-K / conference call transcript,,공식자료 확인 필요,채널 글은 수요 신호로만 사용하고 숫자는 공식자료로 재확인,revenue; memory_comment,공식자료 링크와 수치 확인 후 관련 CSV 업데이트
2026-06-15,Telegram:루팡 Invest,NVIDIA,NVDA,NVIDIA / TSMC,"TSMC, 유리 기판 및 CoPoS 기술 개발 가속화 TSMC는 강력한 AI 칩 수요에 대응하기 위해 기존의 CoWoS 생산 능력을 대폭 확대하는 동시에, 차세대 패키징 기술인 CoPoS(Chip-on-Panel-on-Substrate)와 유리 기판 도입을 본격화하고 있습니다. 1. 핵심 협력 구조 및 목적 TSMC는 일본의 ABF 기판 업체인 이비덴(Ibiden), 대만의 패널 업체인 이노룩스(Innolux)와 협력하여 차...",https://t.me/bornlupin/18573,Earnings release / IR deck / 10-Q or 10-K / conference call transcript,,공식자료 확인 필요,채널 글은 수요 신호로만 사용하고 숫자는 공식자료로 재확인,company_comment,공식자료 링크와 수치 확인 후 관련 CSV 업데이트
2026-06-15,Telegram:루팡 Invest,Memory,,Memory / AI infrastructure,"RBC 캐피털 , 마이크론 테크놀로지( $MU)에 대한 투자의견 '아웃퍼폼(Outperform)'을 유지, 목표주가를 525달러에서 1,200달러로 상향 ""당사의 견해: 가격 및 판매량 가정을 상향함에 따라 실적 전망치를 높이고 있다. 현재 D램(DRAM) 업사이클은 12분기째 이어지고 있으며(2014년 및 2018년 사이클 당시 8~9분기와 비교), 앞으로 5~6분기 더 지속될 가능성이 충분하다고 본다. 설비투자(Capex...",https://t.me/bornlupin/18572,Earnings release / IR deck / 10-Q or 10-K / conference call transcript,,공식자료 확인 필요,채널 글은 수요 신호로만 사용하고 숫자는 공식자료로 재확인,capex; memory_comment,공식자료 링크와 수치 확인 후 관련 CSV 업데이트
2026-06-15,Telegram:루팡 Invest,Memory,,Memory,"TD Cowen, 마이크론( $MU) 목표 주가를 660달러에서 1,500달러로 상향, 투자의견 '매수(Buy)'를 유지 동사는 SOCAMM의 사양 조정(de-specing) 이후에도 1GW(기가와트)당 DRAM 탑재량이 증가하고 있다는 점과 2027년 예상 주당순이익(EPS) 150달러 전망이 마이크론에 대한 긍정적인 시각을 뒷받침하며, 새로운 목표 주가를 견인했다고 밝혔습니다. 이번 상향 조정의 핵심적인 변화는 CPU 수...",https://t.me/bornlupin/18571,Earnings release / IR deck / 10-Q or 10-K / conference call transcript,,공식자료 확인 필요,채널 글은 수요 신호로만 사용하고 숫자는 공식자료로 재확인,memory_comment,공식자료 링크와 수치 확인 후 관련 CSV 업데이트
2026-06-15,Telegram:루팡 Invest,Oracle,ORCL,Oracle / Broadcom / NVIDIA,"Aletheia Capital, 마이크론 테크놀로지(Micron Technology, $MU), 목표 주가 $1,600 상향 메모리는 과연 충분한가? 당사는 기존의 PBR 기반 밸류에이션 프레임워크를 PER로 전환하며 목표 주가를 1,600달러로 상향 조정합니다. 이러한 재평가는 AI 수요 지속, AI 하드웨어 시스템 전반에 걸친 메모리 콘텐츠의 급증, 그리고 메모리 공급업체들의 빠른 매출 성장과 강력한 잉여현금흐름(FCF)...",https://t.me/bornlupin/18570,Earnings release / IR deck / 10-Q or 10-K / conference call transcript,,공식자료 확인 필요,채널 글은 수요 신호로만 사용하고 숫자는 공식자료로 재확인,rpo/backlog; revenue; memory_comment,공식자료 링크와 수치 확인 후 관련 CSV 업데이트
2026-06-15,Telegram:루팡 Invest,TSMC,TSM,TSMC,"TrendForce: 2030년 CPO/NPO 시장 규모 390억 달러 돌파 전망 1. 시장 성장 전망 AI 훈련 및 추론 수요가 급증함에 따라 데이터 센터의 고대역폭 및 저전력 전송에 대한 요구가 커지고 있습니다. 이러한 배경 속에서 광 인터커넥트(Optical Interconnect) 기술은 AI 인프라 확장의 핵심이 되었으며, CPO(공동 패키징 광학)와 NPO(근접 패키징 광학) 시장은 2025년 약 1억 달러 규모에...",https://t.me/bornlupin/18569,Earnings release / IR deck / 10-Q or 10-K / conference call transcript,,공식자료 확인 필요,채널 글은 수요 신호로만 사용하고 숫자는 공식자료로 재확인,company_comment,공식자료 링크와 수치 확인 후 관련 CSV 업데이트
2026-06-15,Telegram:루팡 Invest,Memory,,Memory,메모리 반도체가 현재 한국 총수출의 28%를 차지 이는 불과 1년 전 13%에서 증가한 수치 https://x.com/ChipsandWafers/status/2066424573227143641?s=20,https://t.me/bornlupin/18568,Earnings release / IR deck / 10-Q or 10-K / conference call transcript,,공식자료 확인 필요,채널 글은 수요 신호로만 사용하고 숫자는 공식자료로 재확인,memory_comment,공식자료 링크와 수치 확인 후 관련 CSV 업데이트
2026-06-15,Telegram:루팡 Invest,Oracle,ORCL,Oracle / NVIDIA / AI infrastructure,"카자흐스탄, 엔비디아와 협력하는 파이어버드와 100억 달러 규모 AI 프로젝트 협약 체결 카자흐스탄은 엔비디아(Nvidia)가 지원하는 스타트업 파이어버드(Firebird Inc.)와 컴퓨팅 프로젝트 관련 협약을 체결했습니다. 이번 협약으로 최대 100억 달러 규모의 투자가 유치될 전망이며, 중앙아시아의 주요 에너지 생산국인 카자흐스탄은 자국을 인공지능(AI) 허브로 자리매김하기 위한 발판을 마련했습니다. 카자흐스탄 AI 및...",https://t.me/bornlupin/18567,Earnings release / IR deck / 10-Q or 10-K / conference call transcript,,공식자료 확인 필요,채널 글은 수요 신호로만 사용하고 숫자는 공식자료로 재확인,company_comment,공식자료 링크와 수치 확인 후 관련 CSV 업데이트
2026-06-15,Telegram:루팡 Invest,NVIDIA,NVDA,NVIDIA,"AI 서버가 싹쓸이했다…MLCC 납기 24주·가격 급등 '압박' AI 서버와 자율주행차 수요 급증으로 MLCC 공급 부족이 심화하며 납기가 최대 24주까지 늘어났다. 업계는 이번 MLCC 호황이 최소 2028년, 길게는 2030년까지 이어질 수 있다고 보고 있다. 인공지능(AI) 확산으로 적층세라믹커패시터(MLCC) 공급 병목이 심화하고 있다. 15일(이하 현지시간) 홍콩 사우스차이나모닝포스트에 따르면, AI 서버가 초고용량...",https://t.me/bornlupin/18565,Earnings release / IR deck / 10-Q or 10-K / conference call transcript,,공식자료 확인 필요,채널 글은 수요 신호로만 사용하고 숫자는 공식자료로 재확인,capex,공식자료 링크와 수치 확인 후 관련 CSV 업데이트
2026-06-15,Telegram:루팡 Invest,NVIDIA,NVDA,NVIDIA / TSMC / Memory,"SK 하이닉스, HBM4E 샘플 일정 앞당겨 주요 고객에게 6월부터 7월까지 출하 예정 1. SK하이닉스, HBM4E 샘플 출하 가속화 SK하이닉스는 원래 올해 하반기로 예정했던 HBM4E 샘플 출하 시기를 6월에서 7월 사이로 앞당길 전망입니다. 이는 주요 고객사와의 협업을 통해 성능 검증과 최적화 단계를 조기에 완료함으로써, 차세대 AI 가속기 시장의 최종 양산 물량을 선점하기 위한 전략적 결정입니다. 2. 기술 사양 및...",https://t.me/bornlupin/18564,Earnings release / IR deck / 10-Q or 10-K / conference call transcript,,공식자료 확인 필요,채널 글은 수요 신호로만 사용하고 숫자는 공식자료로 재확인,memory_comment,공식자료 링크와 수치 확인 후 관련 CSV 업데이트
2026-06-15,Telegram:루팡 Invest,TSMC,TSM,TSMC,"후성 후성이 조만간 엄청난 수혜를 입을 것으로 보입니다. 기본적으로 중국이 일본에 대한 수출을 통제하면서 WF6(육불화텅스텐) 공급망이 무너지고 있습니다. 즉, SK하이닉스, 삼성, TSMC에 필요한 전 세계 공급량의 25%가 사라진다는 뜻입니다. 석유와 관련해 호르무즈 해협 사태를 기억하신다면, 이게 얼마나 큰 규모인지 아실 겁니다. 일부 추정치에 따르면 후성이 공급망의 10%를 차지하고 있다는데, 그렇다면 후성의 중요성은...",https://t.me/bornlupin/18561,Earnings release / IR deck / 10-Q or 10-K / conference call transcript,,공식자료 확인 필요,채널 글은 수요 신호로만 사용하고 숫자는 공식자료로 재확인,company_comment,공식자료 링크와 수치 확인 후 관련 CSV 업데이트
2026-06-15,Telegram:루팡 Invest,TSMC,TSM,TSMC / Memory,"반도체 핵심 공정 소재 '육불화텅스텐' 日업체 2곳 생산 영구 중단…삼성전자·SK하이닉스 공급 위기 칸토덴카·센트럴글래스, 글로벌 공급량 25% 차지 후성·SK스페셜티 등 韓 기업엔 기회…中 업체도 노려 일본의 '육불화텅스텐(WF₆)' 공급업체 두 곳이 내달 1일부터 생산을 중단한다. 중국이 육불화텅스텐의 핵심 원료인 텅스텐 수출을 제한한 탓이다. 일본에서 육불화텅스텐을 공급 받던 삼성전자, SK하이닉스에도 비상이 걸렸다....",https://t.me/bornlupin/18560,Earnings release / IR deck / 10-Q or 10-K / conference call transcript,,공식자료 확인 필요,채널 글은 수요 신호로만 사용하고 숫자는 공식자료로 재확인,memory_comment,공식자료 링크와 수치 확인 후 관련 CSV 업데이트
2026-06-15,Telegram:루팡 Invest,TSMC,TSM,TSMC / Memory,"[한투증권 남채민] 비메모리 OSAT 주가 변동 코멘트 - 금일 오후 12시 기준 두산테스나는 -8.4% 하락하는 반면, 네패스아크는 +10.9% 상승하며 주가 차별화 - 네패스아크는 2030년까지 매출 성장률 CAGR 39%로 가파른 성장 가이던스를 제시 - 핵심 성장동력은 오토모티브 및 AI. 현재 모바일에 편중되어 있는 사업이 2030년까지 모바일, 오토모티브, AI 세 개의 축으로 구분될 것으로 기대 - 네패스아크는...",https://t.me/bornlupin/18559,Earnings release / IR deck / 10-Q or 10-K / conference call transcript,,공식자료 확인 필요,채널 글은 수요 신호로만 사용하고 숫자는 공식자료로 재확인,revenue; memory_comment,공식자료 링크와 수치 확인 후 관련 CSV 업데이트
2026-06-15,Telegram:루팡 Invest,AI infrastructure,,AI infrastructure,"안녕하세요. 오늘 발간한 전력기기 하반기 전망 자료를 공유드립니다. 최근 조정은 업황 피크아웃보다 AI 테마 내 수급 로테이션의 성격이 크다고 판단합니다. 주가는 쉬었지만, 수주는 쉬지 않았습니다. 하반기 핵심은 AI 전력 수요가 국내 업체의 신규수주와 EPS 상향으로 연결되는지입니다. 빅테크 CapEx 상향, 유틸리티 계약 부하 증가, 765kV 송전 프로젝트, 데이터센터 접속 설비, 온사이트 발전 수요가 동시에 확인되고...",https://t.me/bornlupin/18558,Earnings release / IR deck / 10-Q or 10-K / conference call transcript,,공식자료 확인 필요,채널 글은 수요 신호로만 사용하고 숫자는 공식자료로 재확인,rpo/backlog; capex,공식자료 링크와 수치 확인 후 관련 CSV 업데이트
2026-06-15,Telegram:루팡 Invest,NVIDIA,NVDA,NVIDIA,"모건스탠리- 글로벌 AI 광모듈(Optical Module) PCB 시장 전망 모건스탠리는 AI 클러스터의 규모가 지속적으로 확대되면서 GPU 간 데이터 전송 수요가 기하급수적으로 증가하고 있으며, 이로 인해 광모듈 PCB 시장이 폭발적인 성장세를 보일 것이라고 분석했습니다. 기술적 성장의 배경 광모듈이 400G에서 800G, 1.6T, 나아가 3.2T 수준으로 고도화됨에 따라, 그 내부에 탑재되는 PCB 역시 소재, 층수,...",https://t.me/bornlupin/18556,Earnings release / IR deck / 10-Q or 10-K / conference call transcript,,공식자료 확인 필요,채널 글은 수요 신호로만 사용하고 숫자는 공식자료로 재확인,company_comment,공식자료 링크와 수치 확인 후 관련 CSV 업데이트
2026-06-15,Telegram:루팡 Invest,Dell Technologies,DELL,Dell Technologies / NVIDIA,"엔비디아·구글, 800V HVDC 조기 도입… 대만 공급망 수혜 본격화 AI 데이터 센터의 전력 소모량이 급증함에 따라, 기존 교류(AC) 방식의 한계를 극복하기 위해 800V 고압 직류(HVDC) 아키텍처가 조기 상용화되고 있습니다. 엔비디아(NVIDIA)와 구글은 차세대 AI 데이터 센터에 이를 선제적으로 도입할 예정이며, 올해 3분기부터 관련 제품의 소량 출하가 시작될 전망입니다. 1. 기술적 배경 및 필요성 전력 효율...",https://t.me/bornlupin/18554,Earnings release / IR deck / 10-Q or 10-K / conference call transcript,,공식자료 확인 필요,채널 글은 수요 신호로만 사용하고 숫자는 공식자료로 재확인,company_comment,공식자료 링크와 수치 확인 후 관련 CSV 업데이트
2026-06-15,Telegram:루팡 Invest,AI infrastructure,,AI infrastructure,"중국 변압기 수출 시장의 호황 1. 변압기 수출 시장의 ‘황금기’ 현재 중국 변압기 업계는 유럽 및 미국의 전력망 현대화, AI 데이터센터 구축, 신재생 에너지 확대라는 세 가지 강력한 요인으로 인해 수출 물량과 가격이 동시에 상승하는 황금기를 맞이하고 있습니다. 업계 전문가들은 이러한 높은 수출 수요가 최소 향후 2~3년간 지속될 것으로 전망하고 있습니다. 2. 시장 성장의 3대 요인 변압기 수출이 급증하는 배경에는 구조적...",https://t.me/bornlupin/18553,Earnings release / IR deck / 10-Q or 10-K / conference call transcript,,공식자료 확인 필요,채널 글은 수요 신호로만 사용하고 숫자는 공식자료로 재확인,company_comment,공식자료 링크와 수치 확인 후 관련 CSV 업데이트
2026-06-15,Telegram:루팡 Invest,Dell Technologies,DELL,Dell Technologies,"JP모건 앤트로픽 페이블/미토스 차단 코멘트 주말 동안 앤트로픽은 자사의 최상위 모델에 대한 접근을 차단했습니다. 앤트로픽은 금요일 저녁 정부 지침, 즉 수출통제 명령을 받아 페이블 5와 미토스 5 AI 모델에 대한 외국 국적자의 접근을 중단하라는 지시를 받았다고 밝혔습니다. 이는 해당 사용자가 미국 내에 있든 해외에 있든 적용됩니다. 규정 준수를 보장하기 위해 앤트로픽은 미국 내 고객을 포함한 모든 고객의 접근을 비활성화했...",https://t.me/bornlupin/18552,Earnings release / IR deck / 10-Q or 10-K / conference call transcript,,공식자료 확인 필요,채널 글은 수요 신호로만 사용하고 숫자는 공식자료로 재확인,company_comment,공식자료 링크와 수치 확인 후 관련 CSV 업데이트
2026-06-14,Telegram:루팡 Invest,TSMC,TSM,TSMC,"삼성전기 제이피모건 1. 투자 의견 및 목표주가 상향 투자의견: 비중확대(Overweight) 유지 목표주가: 기존 1,450,000원에서 2,400,000원으로 대폭 상향 🔥 상향 이유: AI 비즈니스로의 구조적 전환, 공급 부족 가능성, 그리고 역사상 최고 수준의 ROE 프로파일을 반영하여 2028년 예상 P/E에 35배 멀티플을 적용함 2. 핵심 성장 동력 MLCC 업사이클 및 마진 개선: AI 서버용 고부가 MLCC의...",https://t.me/bornlupin/18549,Earnings release / IR deck / 10-Q or 10-K / conference call transcript,,공식자료 확인 필요,채널 글은 수요 신호로만 사용하고 숫자는 공식자료로 재확인,revenue,공식자료 링크와 수치 확인 후 관련 CSV 업데이트
2026-06-14,Telegram:루팡 Invest,Dell Technologies,DELL,Dell Technologies / Memory / AI infrastructure,"ADATA 천리바이 회장: AI가 바꾼 메모리 산업의 새로운 법칙 ADATA의 천리바이 회장은 최근 인터뷰를 통해 AI가 지난 40년간 지속되어 온 메모리 산업의 경기 순환 논리를 근본적으로 재편하고 있다고 진단했습니다. 이제 메모리 시장은 단순한 호황과 불황의 반복이 아닌, '전 세계적인 컴퓨팅 파워 경쟁'의 시대로 진입했습니다. 1. 경기 순환에서 '컴퓨팅 파워 경쟁'으로의 전환 과거 메모리 산업은 약 4년을 주기로 수요...",https://t.me/bornlupin/18548,Earnings release / IR deck / 10-Q or 10-K / conference call transcript,,공식자료 확인 필요,채널 글은 수요 신호로만 사용하고 숫자는 공식자료로 재확인,memory_comment,공식자료 링크와 수치 확인 후 관련 CSV 업데이트
2026-06-14,Telegram:루팡 Invest,Broadcom,AVGO,Broadcom / NVIDIA / AI infrastructure,"골드만삭스- AI 투자 붐: S&P 500의 성과와 향후 과제 골드만삭스는 최근 기록적인 기업 수익성이 미국 증시의 높은 밸류에이션을 뒷받침하고 있으나, AI 인프라 구축을 위한 막대한 자본 지출이 향후 대형 기술 기업들의 수익성에 부담으로 작용할 수 있다고 분석 주요 현황 및 데이터 S&P 500 ROE: 2026년 1분기 기준 22%로 역대 최고치를 기록했습니다. 메가캡 기술주 강세: 시가총액 상위 7개 기술 기업(엔비디...",https://t.me/bornlupin/18545,Earnings release / IR deck / 10-Q or 10-K / conference call transcript,,공식자료 확인 필요,채널 글은 수요 신호로만 사용하고 숫자는 공식자료로 재확인,capex; revenue,공식자료 링크와 수치 확인 후 관련 CSV 업데이트
2026-06-14,Telegram:루팡 Invest,Memory,,Memory / AI infrastructure,"모건스탠리 - AI가 초래한 메모리 시장의 구조적 병목 현상 모건스탠리(Morgan Stanley)는 급증하는 인공지능(AI) 수요가 글로벌 메모리 시장에 '구조적 공급 부족(Structural Shortage)'을 야기하고 있으며, 이로 인해 메모리 가격이 급등하고 기술 분야 전반의 비용 부담이 커지고 있다고 경고했습니다. 1. 주요 원인 및 현상 AI 인프라 수요 폭증: Hyperscaler들의 투자가 가속화되면서 고대역...",https://t.me/bornlupin/18544,Earnings release / IR deck / 10-Q or 10-K / conference call transcript,,공식자료 확인 필요,채널 글은 수요 신호로만 사용하고 숫자는 공식자료로 재확인,memory_comment,공식자료 링크와 수치 확인 후 관련 CSV 업데이트
2026-06-14,Telegram:루팡 Invest,Dell Technologies,DELL,Dell Technologies / NVIDIA,"로만 체르닌(Nebius 공동 창업자) 인터뷰 1. AI 인프라 시장: 왜 '버블'이 아니라 '시작'인가? 많은 이들이 현재의 막대한 자본 투입을 두고 '버블'이라 의심하지만, 로만 체르닌은 이를 ""성장통을 동반한 거대한 패러다임의 시작""으로 정의합니다. 실질적인 유즈케이스(Use-case)의 등장: 과거에는 AI가 막연한 기대감이었다면, 이제는 '코딩'과 같은 구체적인 영역에서 실제 생산성을 높이는 사례가 대규모로 증명되었...",https://t.me/bornlupin/18543,Earnings release / IR deck / 10-Q or 10-K / conference call transcript,,공식자료 확인 필요,채널 글은 수요 신호로만 사용하고 숫자는 공식자료로 재확인,company_comment,공식자료 링크와 수치 확인 후 관련 CSV 업데이트
2026-06-14,Telegram:루팡 Invest,TSMC,TSM,TSMC / Memory,"2026년 하반기 반도체 시장 전망: AI가 견인하는 성장 AI 및 '에이전트 AI'의 확산으로 인해 서버와 CPU에 대한 수요가 폭발적으로 증가하고 있습니다. 이러한 강력한 AI 수요를 바탕으로 2026년 하반기 반도체 업계는 상반기보다 더 나은 실적을 거둘 것으로 전망됩니다. 주요 기업별 하반기 전망: ASPEED: 강력한 고객 수요가 이어지고 있으며, 성장의 핵심은 공급망(패키징) 관리입니다. 매 분기 실적 성장을 기대...",https://t.me/bornlupin/18541,Earnings release / IR deck / 10-Q or 10-K / conference call transcript,,공식자료 확인 필요,채널 글은 수요 신호로만 사용하고 숫자는 공식자료로 재확인,revenue; memory_comment,공식자료 링크와 수치 확인 후 관련 CSV 업데이트
2026-06-14,Telegram:루팡 Invest,Dell Technologies,DELL,Dell Technologies,"삼성전자 환급 행사에 휴대폰 개통 30% 증가...반도체 낙수효과 휴대폰 시장으로 통신업계가 삼성전자의 온누리상품권 환급 행사 수혜를 톡톡히 누린 것으로 나타났다. 갤럭시 휴대폰도 환급 대상에 포함되면서 통신사 신규 개통량이 행사 전과 비교해 30% 이상 증가했다. 제조사가 직접 투입한 대규모 페이백 재원이 통신시장 비수기에 번호이동 확대를 견인했다는 분석이다. 14일 이동통신사가 집계한 번호이동(MNP) 실적자료에 따르면,...",https://t.me/bornlupin/18540,Earnings release / IR deck / 10-Q or 10-K / conference call transcript,,공식자료 확인 필요,채널 글은 수요 신호로만 사용하고 숫자는 공식자료로 재확인,company_comment,공식자료 링크와 수치 확인 후 관련 CSV 업데이트
2026-06-14,Telegram:루팡 Invest,Memory,,Memory,"AI 인프라 확대로 인해 MLCC공급 부족 현상이 전 규격으로 확산 AI 인프라 확대로 인해 일본과 한국의 MLCC 업체들의 고사양 생산능력이 소진되면서, 기존 휴대폰 및 PC용 MLCC의 주문 전환 움직임이 가속화되고 있다. 유통업계에 따르면, 현재 공급 부족 규격은 AI용 고용량 MLCC에 국한되지 않고 주요 규격 전반으로 나타나고 있다. 공급망 추산에 따르면 일본·한국 업체들의 저용량 MLCC 출하 비중은 40%에 달하...",https://t.me/bornlupin/18539,Earnings release / IR deck / 10-Q or 10-K / conference call transcript,,공식자료 확인 필요,채널 글은 수요 신호로만 사용하고 숫자는 공식자료로 재확인,revenue; memory_comment,공식자료 링크와 수치 확인 후 관련 CSV 업데이트
2026-06-14,Telegram:루팡 Invest,Broadcom,AVGO,Broadcom / TSMC / Memory,"'장덕현 삼성전기호' MLCC 넘어 실리콘 커패시터 사업 확대 D램 기술 활용해 글로벌 빅테크에 어필 MLCC, 패키지기판 연계 전략 삼성전기가 다수의 글로벌 빅테크 기업과 인공지능(AI) 서버용 실리콘 커패시터(Si-Cap) 공급 논의를 하고 있다. 일본 무라타와 대만 TSMC에 이어 주요 공급 기업으로 급부상하고 있다. 삼성전기는 지난 11일 서울 중구 태평로빌딩에서 기술학습회를 열고 실리콘 커패시터 기술과 사업화 방향을...",https://t.me/bornlupin/18537,Earnings release / IR deck / 10-Q or 10-K / conference call transcript,,공식자료 확인 필요,채널 글은 수요 신호로만 사용하고 숫자는 공식자료로 재확인,revenue; memory_comment,공식자료 링크와 수치 확인 후 관련 CSV 업데이트
2026-06-19,Telegram:카이에 de market,Dell Technologies,DELL,Dell Technologies / AI infrastructure,"🎯 결론부터 (3줄 요약) ⚡ 미국 전력 규제기관 FERC가 어제(6/18) “데이터센터 같은 대형 전기소비자를 전력망에 빨리 연결시켜라”는 명령을 6개 지역 전력망 운영사 전체에 동시 발령했습니다. ⚡ 핵심은 “속도(Speed-to-Power)” — AI 전력수요 폭증을 기존의 느린 접속 절차로는 못 따라가니, 요금제·접속절차·비용분담 규칙을 60일 내 고치거나 정당성을 입증하라는 압박입니다. ⚡ 한국 전력기기(변압기·HV...",https://t.me/cahier_de_market/9869,Earnings release / IR deck / 10-Q or 10-K / conference call transcript,,공식자료 확인 필요,채널 글은 수요 신호로만 사용하고 숫자는 공식자료로 재확인,capex,공식자료 링크와 수치 확인 후 관련 CSV 업데이트
2026-06-18,Telegram:카이에 de market,AI infrastructure,,AI infrastructure,"Peter Berezin(BCA Research) - 5대 하이퍼스케일러의 FCF는 26년에 거의 제로로 떨어질 것 - 그러나, 계속되는 1조달러 수준의 capex에도 불구하고 2030년에는 FCF가 $700B로 폭증할 것으로 추정 - 이유는 추론마진의 급등 https://x.com/i/status/2067283461199851951",https://t.me/cahier_de_market/9867,Earnings release / IR deck / 10-Q or 10-K / conference call transcript,,공식자료 확인 필요,채널 글은 수요 신호로만 사용하고 숫자는 공식자료로 재확인,capex,공식자료 링크와 수치 확인 후 관련 CSV 업데이트
2026-06-18,Telegram:카이에 de market,Memory,,Memory,양사 HBM4E 비교 (연합뉴스) https://vo.la/IMwHOuM,https://t.me/cahier_de_market/9865,Earnings release / IR deck / 10-Q or 10-K / conference call transcript,,공식자료 확인 필요,채널 글은 수요 신호로만 사용하고 숫자는 공식자료로 재확인,memory_comment,공식자료 링크와 수치 확인 후 관련 CSV 업데이트
2026-06-18,Telegram:카이에 de market,Memory,,Memory,마이크론 +9% 샌디스크 +11% DRAM +10%,https://t.me/cahier_de_market/9862,Earnings release / IR deck / 10-Q or 10-K / conference call transcript,,공식자료 확인 필요,채널 글은 수요 신호로만 사용하고 숫자는 공식자료로 재확인,memory_comment,공식자료 링크와 수치 확인 후 관련 CSV 업데이트
2026-06-18,Telegram:카이에 de market,TSMC,TSM,TSMC / Memory,"AMD 패키징 엔지니어가 SK하이닉스만이 최고 수율의 HBM4 스택을 생산할 수 있는 이유를 설명하다 2027년 또는 2028년까지 16단 또는 20단 HBM 적층 로드맵은 얼마나 달성 가능한가? 세 주요 공급업체는 이미 16단 HBM4E 샘플을 많은 AI 업체들에 검증용으로 납품했습니다. 유일한 걸림돌은 수율입니다. SK하이닉스는 높은 수율을 보유하고 있는 반면, 삼성과 마이크론은 낮은 수율로 어려움을 겪을 것입니다. 생산...",https://t.me/cahier_de_market/9861,Earnings release / IR deck / 10-Q or 10-K / conference call transcript,,공식자료 확인 필요,채널 글은 수요 신호로만 사용하고 숫자는 공식자료로 재확인,memory_comment,공식자료 링크와 수치 확인 후 관련 CSV 업데이트
2026-06-18,Telegram:카이에 de market,Memory,,Memory,"- 나스닥 선물 +1.5% - 메모리, 인텔 강세",https://t.me/cahier_de_market/9859,Earnings release / IR deck / 10-Q or 10-K / conference call transcript,,공식자료 확인 필요,채널 글은 수요 신호로만 사용하고 숫자는 공식자료로 재확인,memory_comment,공식자료 링크와 수치 확인 후 관련 CSV 업데이트
2026-06-18,Telegram:카이에 de market,NVIDIA,NVDA,NVIDIA,"도널드 J. 트럼프 세계가 의존하는 기술은 미국에서 발명되었습니다. 우리 모두 ""인텔 인사이드(Intel Inside)""를 기억할 것입니다. 어리석은 대통령들이 우리의 경제를 당연하게 여겼고, 대만과 다른 나라들이 우리의 반도체 공장을 가로채도록 내버려 두었습니다. 그들은 관세(TARIFFS)로 우리 산업을 보호하는 것을 잊었습니다. 제가 두 번째 임기(사실은 세 번째입니다!)에서 승리했을 때, 미국은 반도체 산업을 미국으로...",https://t.me/cahier_de_market/9854,Earnings release / IR deck / 10-Q or 10-K / conference call transcript,,공식자료 확인 필요,채널 글은 수요 신호로만 사용하고 숫자는 공식자료로 재확인,company_comment,공식자료 링크와 수치 확인 후 관련 CSV 업데이트
2026-06-18,Telegram:카이에 de market,NVIDIA,NVDA,NVIDIA,GPU 렌탈료 장기 추세선 - 얼마 전 H100 렌탈료 떨어진걸로 '이제 끝났다'고 말하는 사람도 있었는데 - 다시 오르기 시작했고 - 그리고 원래 구형 GPU 렌탈료는 떨어지는게 정상인 거고 다시 올라간다는 현상 자체가 놀라운 것임,https://t.me/cahier_de_market/9853,Earnings release / IR deck / 10-Q or 10-K / conference call transcript,,공식자료 확인 필요,채널 글은 수요 신호로만 사용하고 숫자는 공식자료로 재확인,company_comment,공식자료 링크와 수치 확인 후 관련 CSV 업데이트
2026-06-18,Telegram:카이에 de market,Memory,,Memory,"구글의 노암 샤지어, 오픈AI 합류 오픈AI에 합류하게 되었다는 소식을 전하게 되어 기쁩니다. 그곳의 뛰어난 팀과 함께 일하게 되기를 기대하고 있습니다. 회사를 떠나는 것은 어려운 결정이었습니다. 저는 구글의 훌륭한 팀과 우리가 함께 만들어온 모든 성과를 매우 자랑스럽게 생각합니다. 여러분 모두와 함께 일할 수 있었던 것은 큰 영광이자 기쁨이었습니다. <주요 이력> : 트랜스포머 아키텍처 공동 개발자. <Attention i...",https://t.me/cahier_de_market/9852,Earnings release / IR deck / 10-Q or 10-K / conference call transcript,,공식자료 확인 필요,채널 글은 수요 신호로만 사용하고 숫자는 공식자료로 재확인,company_comment,공식자료 링크와 수치 확인 후 관련 CSV 업데이트
2026-06-17,Telegram:카이에 de market,Memory,,Memory,"SK하이닉스 SK하이닉스가 12단 HBM4E 샘플을 출하했습니다. 핀당 최대 16Gbps의 속도를 구현하며, 20% 이상 향상된 전력 효율성과 고성능 AI 워크로드를 위한 강화된 열 성능을 제공합니다.",https://t.me/cahier_de_market/9850,Earnings release / IR deck / 10-Q or 10-K / conference call transcript,,공식자료 확인 필요,채널 글은 수요 신호로만 사용하고 숫자는 공식자료로 재확인,memory_comment,공식자료 링크와 수치 확인 후 관련 CSV 업데이트
2026-06-16,Telegram:카이에 de market,NVIDIA,NVDA,NVIDIA,- 네오클라우드의 수주 서프라이즈 지속 예상 - Fable5 중단사태 이후 로컬 네오클라우드의 가치도 상승 예상 - 엔비디아는 현금이 풍부한데도 대규모 차입으로 현금을 확보 - 젠슨황은 최근 네이버와 AI팩토리 토탈 파트너쉽을 체결,https://t.me/cahier_de_market/9846,Earnings release / IR deck / 10-Q or 10-K / conference call transcript,,공식자료 확인 필요,채널 글은 수요 신호로만 사용하고 숫자는 공식자료로 재확인,company_comment,공식자료 링크와 수치 확인 후 관련 CSV 업데이트
2026-06-16,Telegram:카이에 de market,Memory,,Memory,"* 실리콘모션 CEO : ""리테일 SSD 시장은 거의 사라졌다"" ""PC OEM들은 이제 (SSD를 구할 수 없으므로) 모듈업체로부터 SSD를 구매한다"" (Tom's Hardware) https://www.tomshardware.com/pc-components/ssds/the-retail-ssd-market-has-almost-disappeared-says-silicon-motion-exec-pc-oems-are-buying-...",https://t.me/cahier_de_market/9843,Earnings release / IR deck / 10-Q or 10-K / conference call transcript,,공식자료 확인 필요,채널 글은 수요 신호로만 사용하고 숫자는 공식자료로 재확인,memory_comment,공식자료 링크와 수치 확인 후 관련 CSV 업데이트
2026-06-16,Telegram:카이에 de market,Oracle,ORCL,Oracle / Memory,"* 마이크로소프트, 오라클과 클라우드 임대협상(잠재적 $3B 규모) 진행했으나 오라클의 보안 이슈로 거래 무산 관계자들에 따르면 마이크로소프트는 최근 오라클의 클라우드 인프라 임대에 대해 오라클과 협상을 진행했지만, 보안 및 규정 준수 문제로 거래가 무산되었습니다. 한 관계자는 이 거래의 가치가 30억 달러 이상이었을 수 있다고 말했습니다. 일부 마이크로소프트 워크로드를 오라클 클라우드 인프라로 이전할 계획이었지만, 오라클의...",https://t.me/cahier_de_market/9840,Earnings release / IR deck / 10-Q or 10-K / conference call transcript,,공식자료 확인 필요,채널 글은 수요 신호로만 사용하고 숫자는 공식자료로 재확인,memory_comment,공식자료 링크와 수치 확인 후 관련 CSV 업데이트
2026-06-16,Telegram:카이에 de market,Dell Technologies,DELL,Dell Technologies / NVIDIA,"Anthropic, 백악관 신뢰 잃고 최신 AI 모델 철회 워싱턴포스트에 따르면 트럼프 행정부는 Anthropic의 최신 AI 모델 ‘Mythos’에 대한 수출통제까지 검토했다. Anthropic이 당초 백악관에 제출한 사전 접근 대상은 111곳이었지만, 이후 약 50곳이 추가로 접근 권한을 받은 사실이 드러났다. 이 과정에서 추가 대상 명단 제출이 늦어지며 백악관의 신뢰가 크게 훼손됐다. 특히 추가 접근 대상 중 중국과 연...",https://t.me/cahier_de_market/9833,Earnings release / IR deck / 10-Q or 10-K / conference call transcript,,공식자료 확인 필요,채널 글은 수요 신호로만 사용하고 숫자는 공식자료로 재확인,company_comment,공식자료 링크와 수치 확인 후 관련 CSV 업데이트
2026-06-16,Telegram:카이에 de market,Dell Technologies,DELL,Dell Technologies,"* 구글, AGI -> ASI로 가는 경로에 대한 논문 'From AGI to ASI' 발표 - 아래는 논문내용을 요약/기사화한 대만경제일보 Google이 차세대 AI 발전 청사진을 공개했다. 현재 각광받는 범용인공지능(AGI)보다 더 강력한 초인공지능(ASI)을 향해 나아가며, ASI 시스템을 통해 수만 명의 인류 전문가가 10년간 협업해야 만들어낼 수 있는 '슈퍼 천재 팀'을 구축, 세계를 완전히 뒤바꿀 수 있다는 것이다...",https://t.me/cahier_de_market/9832,Earnings release / IR deck / 10-Q or 10-K / conference call transcript,,공식자료 확인 필요,채널 글은 수요 신호로만 사용하고 숫자는 공식자료로 재확인,company_comment,공식자료 링크와 수치 확인 후 관련 CSV 업데이트
2026-06-16,Telegram:카이에 de market,Memory,,Memory,"Aletheia Capital SK하이닉스 목표주가 530만원으로 상향 ""메모리는 이제 충분한가?"" 목표주가를 530만원으로 상향한다. 이는 CY27E FCF의 10배에 순현금을 더한 값(P/E 10배에 해당)을 근거로 하며, 밸류에이션 프레임워크를 과거 PBR 정점(KRW2.5백만) 기준에서 전환한 것이다. ** 어제 마이크론 보고서와 내용은 동일",https://t.me/cahier_de_market/9828,Earnings release / IR deck / 10-Q or 10-K / conference call transcript,,공식자료 확인 필요,채널 글은 수요 신호로만 사용하고 숫자는 공식자료로 재확인,memory_comment,공식자료 링크와 수치 확인 후 관련 CSV 업데이트
2026-06-15,Telegram:카이에 de market,TSMC,TSM,TSMC,"* TSMC, 유리기판 산업화 검증단계 진입 공식화(feat. CoPoS) TSMC는 첨단 패키징 CoWoS(칩 ​​온 패널 온 기판) 설비 확장을 가속화했을 뿐만 아니라 최근에는 '유리 기판' 기술 적용 진행 상황을 처음으로 공개했습니다. 또한 차세대 첨단 패키징 경쟁이 CoWoS에서 CoPoS(칩 온 패널 온 기판)로 점차 전환되고 있음을 보여주며, 완전한 생태계를 선제적으로 구축하고 있음을 드러냈습니다 TSMC는 최근...",https://t.me/cahier_de_market/9827,Earnings release / IR deck / 10-Q or 10-K / conference call transcript,,공식자료 확인 필요,채널 글은 수요 신호로만 사용하고 숫자는 공식자료로 재확인,company_comment,공식자료 링크와 수치 확인 후 관련 CSV 업데이트
2026-06-15,Telegram:카이에 de market,Memory,,Memory,- 메모리 가격이 '급등했으니 얼마 후 급락하겠지'라는 과거 프레임에서 벗어나야 함 - 현재 돌아가는 상황을 보면 내년에 총 ASP가 50% 이상 오를 것 같다는 생각을 지울 수 없음(컨센은 요즘 좀 올라와서 +10~15%일듯) - 현 메모리 가격은 진폭이 큰 사이클 프레임이 아니라 '뉴 노멀'로 인식해야 함을 이전부터 강조해왔음(아래 링크) - 이에 대한 방증은 애플(재무정책 틀 바꿈)을 포함한 빅테크들이 이미 해주고 있음...,https://t.me/cahier_de_market/9825,Earnings release / IR deck / 10-Q or 10-K / conference call transcript,,공식자료 확인 필요,채널 글은 수요 신호로만 사용하고 숫자는 공식자료로 재확인,memory_comment,공식자료 링크와 수치 확인 후 관련 CSV 업데이트
2026-06-15,Telegram:카이에 de market,Dell Technologies,DELL,Dell Technologies,"* MLCC에 대해 매우 공격적인 업그레이드를 한 JPM ""이전에는 2026~2028년까지 AI 애플리케이션용 MLCC 판매량이 연평균 70~80% 성장할 것으로 예측했습니다. 새로운 예측에는 AI 가속기 수요 증가(생산량 증가 및 TDP(열 설계 전력) GW 증가에 따른 수요 증가, 그림 2 참조)와 2027~2028회계연도에 1005 사이즈/22uF 및 1005 사이즈/47uF 제품으로의 전환으로 인한 평균 판매 가격 상...",https://t.me/cahier_de_market/9823,Earnings release / IR deck / 10-Q or 10-K / conference call transcript,,공식자료 확인 필요,채널 글은 수요 신호로만 사용하고 숫자는 공식자료로 재확인,company_comment,공식자료 링크와 수치 확인 후 관련 CSV 업데이트
2026-06-15,Telegram:카이에 de market,NVIDIA,NVDA,NVIDIA,"🔲엔비디아, 250억 달러 회사채 발행 AI 부채 붐 합류 AI 붐에 대한 투자자들의 강한 관심 투자등급 회사채 발행을 통해 250억 달러를 조달할 예정(모집액의 3배가 넘는 수요) AI 자금조달 규모는 역사상 유례없는 수준으로 확대 중 시장이 AI 관련 자산을 사실상 무제한적으로 받아들이고 있음 블룸버그 인텔리전스 상대적으로 저렴한 장기채 발행은 엔비디아의 평균 자본비용(WACC)을 낮추고 OpenAI를 포함한 전략적 AI...",https://t.me/cahier_de_market/9813,Earnings release / IR deck / 10-Q or 10-K / conference call transcript,,공식자료 확인 필요,채널 글은 수요 신호로만 사용하고 숫자는 공식자료로 재확인,company_comment,공식자료 링크와 수치 확인 후 관련 CSV 업데이트
2026-06-15,Telegram:카이에 de market,Memory,,Memory,"- 스페이스X +20% - 마이크론 +11%, DRAM +9% - 스페이스X 급등에도 다른 주식에서 돈이 빠지지 않음",https://t.me/cahier_de_market/9812,Earnings release / IR deck / 10-Q or 10-K / conference call transcript,,공식자료 확인 필요,채널 글은 수요 신호로만 사용하고 숫자는 공식자료로 재확인,memory_comment,공식자료 링크와 수치 확인 후 관련 CSV 업데이트
2026-06-15,Telegram:카이에 de market,Memory,,Memory,"Aletheia Capital Micron 목표주가 $1,600으로 상향 ""우리는 MU의 EPS가 CY27E에 8.5배 급증하고, 이어서 CY28E에 1.8배 추가 확대될 것으로 전망한다. 이는 누적 기준 약 15배의 EPS 성장과 FY26-28E 기간 동안 3,500억~4,000억 달러의 FCF 창출을 의미한다."" ""우리는 이제 서버 DRAM ASP가 C3Q26에 추가로 30% 상승할 것으로 예상한다(기존 전망치 10~15...",https://t.me/cahier_de_market/9811,Earnings release / IR deck / 10-Q or 10-K / conference call transcript,,공식자료 확인 필요,채널 글은 수요 신호로만 사용하고 숫자는 공식자료로 재확인,memory_comment,공식자료 링크와 수치 확인 후 관련 CSV 업데이트
2026-06-15,Telegram:카이에 de market,Memory,,Memory,프리마켓 메모리 강세,https://t.me/cahier_de_market/9810,Earnings release / IR deck / 10-Q or 10-K / conference call transcript,,공식자료 확인 필요,채널 글은 수요 신호로만 사용하고 숫자는 공식자료로 재확인,memory_comment,공식자료 링크와 수치 확인 후 관련 CSV 업데이트
2026-06-15,Telegram:카이에 de market,Dell Technologies,DELL,Dell Technologies,"* Fable 5 종료 사태에 대한 한 아티클 (@AndrewCurran on X) 2023년 Anthropic의 유출된 Series C 피치 덱은 지금 일어나고 있는 일을 정확히 예측했습니다. '우리는 2025/26년 최고의 모델을 훈련하는 회사들이 이후 사이클에서 누구도 따라잡을 수 없을 만큼 앞서게 될 것이라고 믿는다'고 말입니다. 그들은 여러 면에서 놀라울 정도로 선견지명이 있었고, 저는 우리가 지금 그들이 묘사한 그...",https://t.me/cahier_de_market/9809,Earnings release / IR deck / 10-Q or 10-K / conference call transcript,,공식자료 확인 필요,채널 글은 수요 신호로만 사용하고 숫자는 공식자료로 재확인,company_comment,공식자료 링크와 수치 확인 후 관련 CSV 업데이트
2026-06-14,Telegram:카이에 de market,Dell Technologies,DELL,Dell Technologies / NVIDIA / Memory,"* 피지컬AI에서 필요한 메모리 추정(X @ai_kashiwa777) : 반도체 엔지니어 출신 투자자 - 피지컬 AI의 진짜 TAM은 인간 노동시장이며 대략 $50T 규모 - 그런데 옵티머스 같은 휴머노이드 로봇이 일상에 들어오려면, 지금 LLM처럼 느긋하게 추론해서는 안 됨. 보고, 판단하고, 움직이는 프로세스가 거의 실시간으로 돌아가야 함. 그래도 지금처럼 메모리를 쓸까? 답은 '더 많이, 더 다양한 방식으로 쓴다'임 -...",https://t.me/cahier_de_market/9805,Earnings release / IR deck / 10-Q or 10-K / conference call transcript,,공식자료 확인 필요,채널 글은 수요 신호로만 사용하고 숫자는 공식자료로 재확인,capex; memory_comment,공식자료 링크와 수치 확인 후 관련 CSV 업데이트
2026-06-14,Telegram:카이에 de market,Dell Technologies,DELL,Dell Technologies,"미 정부 측 주장, 앤스로픽이 취약점 수정 요구 거부 제(데이비드 삭스)가 정부·업계 내부 인사들과 현재 앤스로픽 상황에 대해 여러 차례 이야기를 나눠봤고, 제가 사실이라고 믿는 내용은 다음과 같습니다. - 우리가 알고 있듯이 앤스로픽은 이번 주 초 Mythos 계열 모델을 상용 명칭인 Fable이라는 이름으로 공개 출시 - Fable은 안전장치(guardrails)가 적용된 Mythos. 하지만 그 안전장치가 실패한다면,...",https://t.me/cahier_de_market/9802,Earnings release / IR deck / 10-Q or 10-K / conference call transcript,,공식자료 확인 필요,채널 글은 수요 신호로만 사용하고 숫자는 공식자료로 재확인,company_comment,공식자료 링크와 수치 확인 후 관련 CSV 업데이트
2026-06-13,Telegram:카이에 de market,Oracle,ORCL,Oracle / NVIDIA / TSMC,"TSMC 첨단 패키징 로드맵: GPU당 HBM 용량 변화 CoWoS-S (Silicon Interposer): 현재 양산 중이며, GPU당 8개의 HBM 스택을 지원 CoWoS-L (Local Silicon Bridge): 현재 양산 중이며, GPU당 12개의 HBM 스택을 지원 CoWoS-R (RDL Interposer): 현재 양산 중이며, GPU당 12개의 HBM 스택을 지원 CoPoS (Chip on Panel on...",https://t.me/cahier_de_market/9801,Earnings release / IR deck / 10-Q or 10-K / conference call transcript,,공식자료 확인 필요,채널 글은 수요 신호로만 사용하고 숫자는 공식자료로 재확인,rpo/backlog; memory_comment,공식자료 링크와 수치 확인 후 관련 CSV 업데이트
2026-06-13,Telegram:카이에 de market,Dell Technologies,DELL,Dell Technologies,"* 버클리대 연구팀이 공개한 새 벤치마크 ALE - 인간 전문가가 수행한 지속적 추론/깊은 도메인 전문성/장기 실행이 필요한 최고 난이도 티어에서 모든 모델이 성공률 0%를 기록함 오늘 공개하는 Agents' Last Exam(ALE)은 AI 에이전트가 광범위한 실제 도메인에서 경제적으로 가치 있는 업무를 실제로 수행할 수 있는지를 측정하는 롤링(rolling) 벤치마크입니다. 저희는 ALE를 통해 Fable 5, GPT-5...",https://t.me/cahier_de_market/9800,Earnings release / IR deck / 10-Q or 10-K / conference call transcript,,공식자료 확인 필요,채널 글은 수요 신호로만 사용하고 숫자는 공식자료로 재확인,company_comment,공식자료 링크와 수치 확인 후 관련 CSV 업데이트
2026-06-13,Telegram:카이에 de market,Dell Technologies,DELL,Dell Technologies,"그리고 그걸 실제로 이행해버린 미국 정부. ""미국 정부는 국가 안보 권한을 근거로, 미국 내외를 불문하고 외국 국적의 앤스로픽 직원을 포함한 모든 외국 국적자의 Fable 5 및 Mythos 5에 대한 모든 접근을 중단하라는 수출 통제 지침을 발령했습니다. 이 명령의 실질적인 결과로, 당사는 규정을 준수하기 위해 부득이하게 모든 고객을 대상으로 Fable 5 및 Mythos 5의 서비스를 전면 중단해야만 합니다."" ""당사가...",https://t.me/cahier_de_market/9798,Earnings release / IR deck / 10-Q or 10-K / conference call transcript,,공식자료 확인 필요,채널 글은 수요 신호로만 사용하고 숫자는 공식자료로 재확인,company_comment,공식자료 링크와 수치 확인 후 관련 CSV 업데이트
2026-06-12,Telegram:카이에 de market,Memory,,Memory,"""AI가 이끄는 메모리 수요는 향후 5년간 1만 ~2만배 늘어날 것으로 예상된다"" - 노무라 아시아리서치 https://www.mk.co.kr/news/stock/12072702",https://t.me/cahier_de_market/9796,Earnings release / IR deck / 10-Q or 10-K / conference call transcript,,공식자료 확인 필요,채널 글은 수요 신호로만 사용하고 숫자는 공식자료로 재확인,memory_comment,공식자료 링크와 수치 확인 후 관련 CSV 업데이트
2026-06-12,Telegram:카이에 de market,NVIDIA,NVDA,NVIDIA / TSMC,"* TSMC 차세대 어드밴스드 패키징 'CoPoS' 핵심 정리(궈밍치) 1. CoPoS는 현재 2028년 하반기 양산 진입이 예상됩니다. 9.5x 레티클 사이즈급 이상의 초대형 패키지의 경제성을 개선하기 위해 설계됐으며, NVIDIA의 Feynman AI 칩이 첫 적용 후보로 거론됩니다. 2. 업계 체크에 따르면 유리는 두 곳에 별도로 사용됩니다 (단위 : mm) : → 310 x 310 임시 유리 캐리어(temporary...",https://t.me/cahier_de_market/9791,Earnings release / IR deck / 10-Q or 10-K / conference call transcript,,공식자료 확인 필요,채널 글은 수요 신호로만 사용하고 숫자는 공식자료로 재확인,company_comment,공식자료 링크와 수치 확인 후 관련 CSV 업데이트
2026-06-12,Telegram:카이에 de market,Dell Technologies,DELL,Dell Technologies / Broadcom,"Anthropic, 데이터 센터 직접 임대 추진하며 Google 지원 하에 인프라 투자 심화 - DIGITIMES (by https://t.me/TNBfolio) - Anthropic은 AI 모델 구동 인프라에 대한 통제력을 강화하기 위해 미국 데이터 센터 시설을 임대하는 10여 개의 예비 계약을 체결했으며 Google이 일부 임대 의무를 보증하는 방안을 모색 중이다. - 기존에 Google Cloud와 AWS에 컴퓨팅 용량...",https://t.me/cahier_de_market/9790,Earnings release / IR deck / 10-Q or 10-K / conference call transcript,,공식자료 확인 필요,채널 글은 수요 신호로만 사용하고 숫자는 공식자료로 재확인,company_comment,공식자료 링크와 수치 확인 후 관련 CSV 업데이트
2026-06-11,Telegram:카이에 de market,Memory,,Memory,"유가, 금리 급락 주식 급등(메모리, CPU 폭등)",https://t.me/cahier_de_market/9786,Earnings release / IR deck / 10-Q or 10-K / conference call transcript,,공식자료 확인 필요,채널 글은 수요 신호로만 사용하고 숫자는 공식자료로 재확인,memory_comment,공식자료 링크와 수치 확인 후 관련 CSV 업데이트
2026-06-11,Telegram:카이에 de market,Memory,,Memory,"LLM의 성능한계는 아직 먼 이야기 ""어쩌면 우리는 그 평탄점(plateau, 성능개선이 둔화되는 지점)을 아예 관찰하지 못할 수도 있다"" -> 테스트타임 컴퓨팅 확장 = 메모리 용량과 대역폭 확장 https://t.me/cahier_de_market/9764",https://t.me/cahier_de_market/9784,Earnings release / IR deck / 10-Q or 10-K / conference call transcript,,공식자료 확인 필요,채널 글은 수요 신호로만 사용하고 숫자는 공식자료로 재확인,memory_comment,공식자료 링크와 수치 확인 후 관련 CSV 업데이트
2026-06-11,Telegram:카이에 de market,Memory,,Memory,"» SpaceX의 3배 레버리지 ETP(LeverageShares)가 유럽증시에서 12일에 상장될 예정. 가격 변동은 15일부터 발생 » 이와 함께 삼성전자, SK하이닉스의 단일종목 3배 레버리지 ETP, DRAM ETF의 3배 레버리지/곱버스 ETP도 등장",https://t.me/cahier_de_market/9777,Earnings release / IR deck / 10-Q or 10-K / conference call transcript,,공식자료 확인 필요,채널 글은 수요 신호로만 사용하고 숫자는 공식자료로 재확인,memory_comment,공식자료 링크와 수치 확인 후 관련 CSV 업데이트
2026-06-11,Telegram:카이에 de market,NVIDIA,NVDA,NVIDIA / Memory / AI infrastructure,">>SK하이닉스, 2034년까지 웨이퍼 생산능력 3배 확대 계획 •SK그룹 회장 최태원은 SK하이닉스가 AI가 견인하는 메모리 반도체 수요 증가에 대응하기 위해 2034년까지 웨이퍼 생산능력을 현재의 3배 수준으로 확대할 계획이라고 밝혔음. 웨이퍼 생산능력은 향후 5년 내 두 배로 늘어날 것으로 예상 •또한 SK그룹은 NVIDIA와 협력해 2028~2029년 사이 일본에 AI 데이터센터를 건설할 계획도 추진중 (닛케이신문)...",https://t.me/cahier_de_market/9775,Earnings release / IR deck / 10-Q or 10-K / conference call transcript,,공식자료 확인 필요,채널 글은 수요 신호로만 사용하고 숫자는 공식자료로 재확인,memory_comment,공식자료 링크와 수치 확인 후 관련 CSV 업데이트
2026-06-11,Telegram:카이에 de market,Memory,,Memory,6월 들어 HBM 단가 급등의 의미는?,https://t.me/cahier_de_market/9774,Earnings release / IR deck / 10-Q or 10-K / conference call transcript,,공식자료 확인 필요,채널 글은 수요 신호로만 사용하고 숫자는 공식자료로 재확인,memory_comment,공식자료 링크와 수치 확인 후 관련 CSV 업데이트
2026-06-11,Telegram:카이에 de market,Memory,,Memory,강연하러 오진 않을거고.. 메모리 구하러 오는게 아닐까요,https://t.me/cahier_de_market/9773,Earnings release / IR deck / 10-Q or 10-K / conference call transcript,,공식자료 확인 필요,채널 글은 수요 신호로만 사용하고 숫자는 공식자료로 재확인,memory_comment,공식자료 링크와 수치 확인 후 관련 CSV 업데이트
